time_iso8601,stargazers_cumulative_snapshot
2026-09-17 05:49:48+00:00,61
2026-09-17 09:49:00+00:00,68
2026-09-18 01:27:35+00:00,98
2026-09-19 01:34:10+00:00,136
2026-09-20 01:36:38+00:00,156
2026-09-21 01:39:04+00:00,163
2026-09-22 01:51:06+00:00,174
2026-09-23 01:46:21+00:00,181
2026-09-24 01:38:31+00:00,192
2026-09-25 01:53:11+00:00,201
2026-09-26 01:57:34+00:00,203
2026-09-27 01:46:31+00:00,207
2026-09-28 01:58:30+00:00,209
2026-09-29 02:43:41+00:00,219
2026-09-30 02:21:56+00:00,221
2026-10-01 02:24:05+00:00,224
2026-10-02 02:34:07+00:00,226
2026-10-03 02:18:52+00:00,227
2026-10-04 02:51:32+00:00,228
2026-10-05 02:23:16+00:00,230
2026-10-06 03:19:31+00:00,233
2026-10-08 02:54:03+00:00,234
